Brand,Series,Model,Year
Samsung,Galaxy S,Galaxy S8,2017
Samsung,Galaxy S,Galaxy S8+,2017
Samsung,Galaxy S,Galaxy S9,2018
Samsung,Galaxy S,Galaxy S9+,2018
Samsung,Galaxy S,Galaxy S10e,2019
Samsung,Galaxy S,Galaxy S10,2019
Samsung,Galaxy S,Galaxy S10+,2019
Samsung,Galaxy S,Galaxy S10 5G,2019
Samsung,Galaxy S,Galaxy S10 Lite,2020
Samsung,Galaxy S,Galaxy S20,2020
Samsung,Galaxy S,Galaxy S20+,2020
Samsung,Galaxy S,Galaxy S20 Ultra,2020
Samsung,Galaxy S,Galaxy S20 FE,2020
Samsung,Galaxy S,Galaxy S20 FE 5G,2020
Samsung,Galaxy S,Galaxy S21,2021
Samsung,Galaxy S,Galaxy S21+,2021
Samsung,Galaxy S,Galaxy S21 Ultra,2021
Samsung,Galaxy S,Galaxy S21 FE,2022
Samsung,Galaxy S,Galaxy S22,2022
Samsung,Galaxy S,Galaxy S22+,2022
Samsung,Galaxy S,Galaxy S22 Ultra,2022
Samsung,Galaxy S,Galaxy S23,2023
Samsung,Galaxy S,Galaxy S23+,2023
Samsung,Galaxy S,Galaxy S23 Ultra,2023
Samsung,Galaxy S,Galaxy S23 FE,2023
Samsung,Galaxy S,Galaxy S24,2024
Samsung,Galaxy S,Galaxy S24+,2024
Samsung,Galaxy S,Galaxy S24 Ultra,2024
Samsung,Galaxy S,Galaxy S24 FE,2024
Samsung,Galaxy S,Galaxy S25,2025
Samsung,Galaxy S,Galaxy S25+,2025
Samsung,Galaxy S,Galaxy S25 Ultra,2025
Samsung,Galaxy S,Galaxy S25 Edge,2025
Samsung,Galaxy S,Galaxy S25 FE,2025
Samsung,Galaxy S,Galaxy S26,2026
Samsung,Galaxy S,Galaxy S26+,2026
Samsung,Galaxy S,Galaxy S26 Ultra,2026
Samsung,Galaxy S,Galaxy S26 Edge,2026
Samsung,Galaxy Note,Galaxy Note 8,2017
Samsung,Galaxy Note,Galaxy Note 9,2018
Samsung,Galaxy Note,Galaxy Note 10,2019
Samsung,Galaxy Note,Galaxy Note 10+,2019
Samsung,Galaxy Note,Galaxy Note 10+ 5G,2019
Samsung,Galaxy Note,Galaxy Note 10 Lite,2020
Samsung,Galaxy Note,Galaxy Note 20,2020
Samsung,Galaxy Note,Galaxy Note 20 Ultra,2020
Samsung,Galaxy Z,Galaxy Fold,2019
Samsung,Galaxy Z,Galaxy Z Flip,2020
Samsung,Galaxy Z,Galaxy Z Flip 5G,2020
Samsung,Galaxy Z,Galaxy Z Fold 2,2020
Samsung,Galaxy Z,Galaxy Z Fold 3,2021
Samsung,Galaxy Z,Galaxy Z Flip 3,2021
Samsung,Galaxy Z,Galaxy Z Fold 4,2022
Samsung,Galaxy Z,Galaxy Z Flip 4,2022
Samsung,Galaxy Z,Galaxy Z Fold 5,2023
Samsung,Galaxy Z,Galaxy Z Flip 5,2023
Samsung,Galaxy Z,Galaxy Z Fold 6,2024
Samsung,Galaxy Z,Galaxy Z Flip 6,2024
Samsung,Galaxy Z,Galaxy Z Fold Special Edition,2024
Samsung,Galaxy Z,Galaxy Z Fold 7,2025
Samsung,Galaxy Z,Galaxy Z Flip 7,2025
Samsung,Galaxy Z,Galaxy Z Flip 7 FE,2025
Samsung,Galaxy Z,Galaxy Z TriFold,2025
Samsung,Galaxy A,Galaxy A3 (2017),2017
Samsung,Galaxy A,Galaxy A5 (2017),2017
Samsung,Galaxy A,Galaxy A7 (2017),2017
Samsung,Galaxy A,Galaxy A6,2018
Samsung,Galaxy A,Galaxy A6+,2018
Samsung,Galaxy A,Galaxy A7 (2018),2018
Samsung,Galaxy A,Galaxy A8 (2018),2018
Samsung,Galaxy A,Galaxy A8+ (2018),2018
Samsung,Galaxy A,Galaxy A9 (2018),2018
Samsung,Galaxy A,Galaxy A10,2019
Samsung,Galaxy A,Galaxy A10s,2019
Samsung,Galaxy A,Galaxy A20,2019
Samsung,Galaxy A,Galaxy A20s,2019
Samsung,Galaxy A,Galaxy A20e,2019
Samsung,Galaxy A,Galaxy A30,2019
Samsung,Galaxy A,Galaxy A30s,2019
Samsung,Galaxy A,Galaxy A40,2019
Samsung,Galaxy A,Galaxy A50,2019
Samsung,Galaxy A,Galaxy A50s,2019
Samsung,Galaxy A,Galaxy A60,2019
Samsung,Galaxy A,Galaxy A70,2019
Samsung,Galaxy A,Galaxy A70s,2019
Samsung,Galaxy A,Galaxy A80,2019
Samsung,Galaxy A,Galaxy A90 5G,2019
Samsung,Galaxy A,Galaxy A01,2019
Samsung,Galaxy A,Galaxy A2 Core,2019
Samsung,Galaxy A,Galaxy A11,2020
Samsung,Galaxy A,Galaxy A21,2020
Samsung,Galaxy A,Galaxy A21s,2020
Samsung,Galaxy A,Galaxy A31,2020
Samsung,Galaxy A,Galaxy A41,2020
Samsung,Galaxy A,Galaxy A51,2020
Samsung,Galaxy A,Galaxy A51 5G,2020
Samsung,Galaxy A,Galaxy A71,2020
Samsung,Galaxy A,Galaxy A71 5G,2020
Samsung,Galaxy A,Galaxy A01 Core,2020
Samsung,Galaxy A,Galaxy A12,2020
Samsung,Galaxy A,Galaxy A02,2020
Samsung,Galaxy A,Galaxy A02s,2020
Samsung,Galaxy A,Galaxy A42 5G,2020
Samsung,Galaxy A,Galaxy A03,2021
Samsung,Galaxy A,Galaxy A03s,2021
Samsung,Galaxy A,Galaxy A03 Core,2021
Samsung,Galaxy A,Galaxy A22,2021
Samsung,Galaxy A,Galaxy A22 5G,2021
Samsung,Galaxy A,Galaxy A32,2021
Samsung,Galaxy A,Galaxy A32 5G,2021
Samsung,Galaxy A,Galaxy A52,2021
Samsung,Galaxy A,Galaxy A52 5G,2021
Samsung,Galaxy A,Galaxy A52s 5G,2021
Samsung,Galaxy A,Galaxy A72,2021
Samsung,Galaxy A,Galaxy A82 5G,2021
Samsung,Galaxy A,Galaxy A04,2022
Samsung,Galaxy A,Galaxy A04s,2022
Samsung,Galaxy A,Galaxy A04e,2022
Samsung,Galaxy A,Galaxy A13,2022
Samsung,Galaxy A,Galaxy A13 5G,2022
Samsung,Galaxy A,Galaxy A23,2022
Samsung,Galaxy A,Galaxy A23 5G,2022
Samsung,Galaxy A,Galaxy A33 5G,2022
Samsung,Galaxy A,Galaxy A53 5G,2022
Samsung,Galaxy A,Galaxy A73 5G,2022
Samsung,Galaxy A,Galaxy A05,2023
Samsung,Galaxy A,Galaxy A05s,2023
Samsung,Galaxy A,Galaxy A14,2023
Samsung,Galaxy A,Galaxy A14 5G,2023
Samsung,Galaxy A,Galaxy A24,2023
Samsung,Galaxy A,Galaxy A34 5G,2023
Samsung,Galaxy A,Galaxy A54 5G,2023
Samsung,Galaxy A,Galaxy A06,2024
Samsung,Galaxy A,Galaxy A15,2024
Samsung,Galaxy A,Galaxy A15 5G,2024
Samsung,Galaxy A,Galaxy A16,2024
Samsung,Galaxy A,Galaxy A16 5G,2024
Samsung,Galaxy A,Galaxy A25 5G,2024
Samsung,Galaxy A,Galaxy A35 5G,2024
Samsung,Galaxy A,Galaxy A55 5G,2024
Samsung,Galaxy A,Galaxy A06 5G,2025
Samsung,Galaxy A,Galaxy A07,2025
Samsung,Galaxy A,Galaxy A17,2025
Samsung,Galaxy A,Galaxy A17 5G,2025
Samsung,Galaxy A,Galaxy A26 5G,2025
Samsung,Galaxy A,Galaxy A36 5G,2025
Samsung,Galaxy A,Galaxy A56 5G,2025
Samsung,Galaxy M,Galaxy M10,2019
Samsung,Galaxy M,Galaxy M20,2019
Samsung,Galaxy M,Galaxy M30,2019
Samsung,Galaxy M,Galaxy M30s,2019
Samsung,Galaxy M,Galaxy M40,2019
Samsung,Galaxy M,Galaxy M01,2020
Samsung,Galaxy M,Galaxy M01s,2020
Samsung,Galaxy M,Galaxy M11,2020
Samsung,Galaxy M,Galaxy M21,2020
Samsung,Galaxy M,Galaxy M31,2020
Samsung,Galaxy M,Galaxy M31s,2020
Samsung,Galaxy M,Galaxy M51,2020
Samsung,Galaxy M,Galaxy M02,2021
Samsung,Galaxy M,Galaxy M02s,2021
Samsung,Galaxy M,Galaxy M12,2021
Samsung,Galaxy M,Galaxy M22,2021
Samsung,Galaxy M,Galaxy M32,2021
Samsung,Galaxy M,Galaxy M42 5G,2021
Samsung,Galaxy M,Galaxy M52 5G,2021
Samsung,Galaxy M,Galaxy M62,2021
Samsung,Galaxy M,Galaxy M04,2022
Samsung,Galaxy M,Galaxy M13,2022
Samsung,Galaxy M,Galaxy M13 5G,2022
Samsung,Galaxy M,Galaxy M23 5G,2022
Samsung,Galaxy M,Galaxy M33 5G,2022
Samsung,Galaxy M,Galaxy M53 5G,2022
Samsung,Galaxy M,Galaxy M14 5G,2023
Samsung,Galaxy M,Galaxy M34 5G,2023
Samsung,Galaxy M,Galaxy M54 5G,2023
Samsung,Galaxy M,Galaxy M05,2024
Samsung,Galaxy M,Galaxy M15 5G,2024
Samsung,Galaxy M,Galaxy M35 5G,2024
Samsung,Galaxy M,Galaxy M55 5G,2024
Samsung,Galaxy M,Galaxy M06 5G,2025
Samsung,Galaxy M,Galaxy M16 5G,2025
Samsung,Galaxy M,Galaxy M36 5G,2025
Samsung,Galaxy M,Galaxy M56 5G,2025
Samsung,Galaxy F,Galaxy F41,2020
Samsung,Galaxy F,Galaxy F02s,2021
Samsung,Galaxy F,Galaxy F12,2021
Samsung,Galaxy F,Galaxy F22,2021
Samsung,Galaxy F,Galaxy F42 5G,2021
Samsung,Galaxy F,Galaxy F62,2021
Samsung,Galaxy F,Galaxy F13,2022
Samsung,Galaxy F,Galaxy F23 5G,2022
Samsung,Galaxy F,Galaxy F04,2023
Samsung,Galaxy F,Galaxy F14 5G,2023
Samsung,Galaxy F,Galaxy F34 5G,2023
Samsung,Galaxy F,Galaxy F54 5G,2023
Samsung,Galaxy F,Galaxy F05,2024
Samsung,Galaxy F,Galaxy F15 5G,2024
Samsung,Galaxy F,Galaxy F55,2024
Samsung,Galaxy F,Galaxy F06 5G,2025
Samsung,Galaxy F,Galaxy F16 5G,2025
Samsung,Galaxy F,Galaxy F36 5G,2025
Samsung,Galaxy J,Galaxy J2 (2017),2017
Samsung,Galaxy J,Galaxy J2 Pro (2017),2017
Samsung,Galaxy J,Galaxy J3 (2017),2017
Samsung,Galaxy J,Galaxy J5 (2017),2017
Samsung,Galaxy J,Galaxy J5 Prime,2017
Samsung,Galaxy J,Galaxy J7 (2017),2017
Samsung,Galaxy J,Galaxy J7 Pro,2017
Samsung,Galaxy J,Galaxy J7 Max,2017
Samsung,Galaxy J,Galaxy J7 Prime,2017
Samsung,Galaxy J,Galaxy J2 Core,2018
Samsung,Galaxy J,Galaxy J3 (2018),2018
Samsung,Galaxy J,Galaxy J4,2018
Samsung,Galaxy J,Galaxy J4+,2018
Samsung,Galaxy J,Galaxy J6,2018
Samsung,Galaxy J,Galaxy J6+,2018
Samsung,Galaxy J,Galaxy J7 (2018),2018
Samsung,Galaxy J,Galaxy J7 Duo,2018
Samsung,Galaxy J,Galaxy J8,2018
Samsung,Galaxy XCover,Galaxy XCover 4,2017
Samsung,Galaxy XCover,Galaxy XCover 4s,2019
Samsung,Galaxy XCover,Galaxy XCover 5,2021
Samsung,Galaxy XCover,Galaxy XCover 6 Pro,2022
Samsung,Galaxy XCover,Galaxy XCover 7,2024
Xiaomi,Mi / Xiaomi Flagship,Mi 6,2017
Xiaomi,Mi / Xiaomi Flagship,Mi 5c,2017
Xiaomi,Mi / Xiaomi Flagship,Mi 5X,2017
Xiaomi,Mi / Xiaomi Flagship,Mi A1,2017
Xiaomi,Mi / Xiaomi Flagship,Mi Note 3,2017
Xiaomi,Mi / Xiaomi Flagship,Mi Mix 2,2017
Xiaomi,Mi / Xiaomi Flagship,Mi Max 2,2017
Xiaomi,Mi / Xiaomi Flagship,Mi 8,2018
Xiaomi,Mi / Xiaomi Flagship,Mi 8 Pro,2018
Xiaomi,Mi / Xiaomi Flagship,Mi 8 SE,2018
Xiaomi,Mi / Xiaomi Flagship,Mi 8 Lite,2018
Xiaomi,Mi / Xiaomi Flagship,Mi 8 Explorer Edition,2018
Xiaomi,Mi / Xiaomi Flagship,Mi Mix 2S,2018
Xiaomi,Mi / Xiaomi Flagship,Mi Mix 3,2018
Xiaomi,Mi / Xiaomi Flagship,Mi Max 3,2018
Xiaomi,Mi / Xiaomi Flagship,Mi A2,2018
Xiaomi,Mi / Xiaomi Flagship,Mi A2 Lite,2018
Xiaomi,Mi / Xiaomi Flagship,Mi 9,2019
Xiaomi,Mi / Xiaomi Flagship,Mi 9 SE,2019
Xiaomi,Mi / Xiaomi Flagship,Mi 9T,2019
Xiaomi,Mi / Xiaomi Flagship,Mi 9T Pro,2019
Xiaomi,Mi / Xiaomi Flagship,Mi 9 Lite,2019
Xiaomi,Mi / Xiaomi Flagship,Mi 9 Pro 5G,2019
Xiaomi,Mi / Xiaomi Flagship,Mi A3,2019
Xiaomi,Mi / Xiaomi Flagship,Mi Mix 3 5G,2019
Xiaomi,Mi / Xiaomi Flagship,Mi CC9,2019
Xiaomi,Mi / Xiaomi Flagship,Mi CC9e,2019
Xiaomi,Mi / Xiaomi Flagship,Mi Note 10,2019
Xiaomi,Mi / Xiaomi Flagship,Mi Note 10 Pro,2019
Xiaomi,Mi / Xiaomi Flagship,Mi 10,2020
Xiaomi,Mi / Xiaomi Flagship,Mi 10 Pro,2020
Xiaomi,Mi / Xiaomi Flagship,Mi 10 Ultra,2020
Xiaomi,Mi / Xiaomi Flagship,Mi 10 Lite 5G,2020
Xiaomi,Mi / Xiaomi Flagship,Mi 10T,2020
Xiaomi,Mi / Xiaomi Flagship,Mi 10T Pro,2020
Xiaomi,Mi / Xiaomi Flagship,Mi 10T Lite,2020
Xiaomi,Mi / Xiaomi Flagship,Mi 10i,2020
Xiaomi,Mi / Xiaomi Flagship,Mi 10S,2020
Xiaomi,Mi / Xiaomi Flagship,Mi Note 10 Lite,2020
Xiaomi,Mi / Xiaomi Flagship,Mi 11,2021
Xiaomi,Mi / Xiaomi Flagship,Mi 11 Pro,2021
Xiaomi,Mi / Xiaomi Flagship,Mi 11 Ultra,2021
Xiaomi,Mi / Xiaomi Flagship,Mi 11 Lite,2021
Xiaomi,Mi / Xiaomi Flagship,Mi 11 Lite 5G,2021
Xiaomi,Mi / Xiaomi Flagship,Mi 11 Lite 5G NE,2021
Xiaomi,Mi / Xiaomi Flagship,Mi 11i,2021
Xiaomi,Mi / Xiaomi Flagship,Mi 11X,2021
Xiaomi,Mi / Xiaomi Flagship,Mi 11X Pro,2021
Xiaomi,Mi / Xiaomi Flagship,Mi 11T,2021
Xiaomi,Mi / Xiaomi Flagship,Mi 11T Pro,2021
Xiaomi,Mi / Xiaomi Flagship,Mi Mix 4,2021
Xiaomi,Mi / Xiaomi Flagship,Mi Mix Fold,2021
Xiaomi,Mi / Xiaomi Flagship,Xiaomi 12,2022
Xiaomi,Mi / Xiaomi Flagship,Xiaomi 12 Pro,2022
Xiaomi,Mi / Xiaomi Flagship,Xiaomi 12X,2022
Xiaomi,Mi / Xiaomi Flagship,Xiaomi 12 Lite,2022
Xiaomi,Mi / Xiaomi Flagship,Xiaomi 12T,2022
Xiaomi,Mi / Xiaomi Flagship,Xiaomi 12T Pro,2022
Xiaomi,Mi / Xiaomi Flagship,Xiaomi 12S,2022
Xiaomi,Mi / Xiaomi Flagship,Xiaomi 12S Pro,2022
Xiaomi,Mi / Xiaomi Flagship,Xiaomi 12S Ultra,2022
Xiaomi,Mi / Xiaomi Flagship,Xiaomi Mix Fold 2,2022
Xiaomi,Mi / Xiaomi Flagship,Xiaomi 13,2023
Xiaomi,Mi / Xiaomi Flagship,Xiaomi 13 Pro,2023
Xiaomi,Mi / Xiaomi Flagship,Xiaomi 13 Ultra,2023
Xiaomi,Mi / Xiaomi Flagship,Xiaomi 13 Lite,2023
Xiaomi,Mi / Xiaomi Flagship,Xiaomi 13T,2023
Xiaomi,Mi / Xiaomi Flagship,Xiaomi 13T Pro,2023
Xiaomi,Mi / Xiaomi Flagship,Xiaomi Mix Fold 3,2023
Xiaomi,Mi / Xiaomi Flagship,Xiaomi Civi 3,2023
Xiaomi,Mi / Xiaomi Flagship,Xiaomi 14,2024
Xiaomi,Mi / Xiaomi Flagship,Xiaomi 14 Pro,2024
Xiaomi,Mi / Xiaomi Flagship,Xiaomi 14 Ultra,2024
Xiaomi,Mi / Xiaomi Flagship,Xiaomi 14T,2024
Xiaomi,Mi / Xiaomi Flagship,Xiaomi 14T Pro,2024
Xiaomi,Mi / Xiaomi Flagship,Xiaomi 14 Civi,2024
Xiaomi,Mi / Xiaomi Flagship,Xiaomi Civi 4 Pro,2024
Xiaomi,Mi / Xiaomi Flagship,Xiaomi Mix Fold 4,2024
Xiaomi,Mi / Xiaomi Flagship,Xiaomi Mix Flip,2024
Xiaomi,Mi / Xiaomi Flagship,Xiaomi 15,2025
Xiaomi,Mi / Xiaomi Flagship,Xiaomi 15 Pro,2025
Xiaomi,Mi / Xiaomi Flagship,Xiaomi 15 Ultra,2025
Xiaomi,Mi / Xiaomi Flagship,Xiaomi 15T,2025
Xiaomi,Mi / Xiaomi Flagship,Xiaomi 15T Pro,2025
Xiaomi,Mi / Xiaomi Flagship,Xiaomi 15 Civi,2025
Xiaomi,Mi / Xiaomi Flagship,Xiaomi Civi 5 Pro,2025
Xiaomi,Mi / Xiaomi Flagship,Xiaomi Mix Flip 2,2025
Xiaomi,Mi / Xiaomi Flagship,Xiaomi Mix Fold 5,2025
Xiaomi,Mi / Xiaomi Flagship,Xiaomi 17,2026
Xiaomi,Mi / Xiaomi Flagship,Xiaomi 17 Pro,2026
Xiaomi,Mi / Xiaomi Flagship,Xiaomi 17 Pro Max,2026
Xiaomi,Mi / Xiaomi Flagship,Xiaomi 17 Ultra,2026
Redmi,Redmi,Redmi Note 4,2017
Redmi,Redmi,Redmi Note 4X,2017
Redmi,Redmi,Redmi Note 5A,2017
Redmi,Redmi,Redmi 4,2017
Redmi,Redmi,Redmi 4A,2017
Redmi,Redmi,Redmi 4X,2017
Redmi,Redmi,Redmi 5A,2017
Redmi,Redmi,Redmi Y1,2017
Redmi,Redmi,Redmi Y1 Lite,2017
Redmi,Redmi,Redmi Note 5,2018
Redmi,Redmi,Redmi Note 5 Pro,2018
Redmi,Redmi,Redmi Note 6 Pro,2018
Redmi,Redmi,Redmi 5,2018
Redmi,Redmi,Redmi 5 Plus,2018
Redmi,Redmi,Redmi 6,2018
Redmi,Redmi,Redmi 6A,2018
Redmi,Redmi,Redmi 6 Pro,2018
Redmi,Redmi,Redmi S2,2018
Redmi,Redmi,Redmi Y2,2018
Redmi,Redmi,Redmi Note 7,2019
Redmi,Redmi,Redmi Note 7 Pro,2019
Redmi,Redmi,Redmi Note 7S,2019
Redmi,Redmi,Redmi Note 8,2019
Redmi,Redmi,Redmi Note 8 Pro,2019
Redmi,Redmi,Redmi Note 8T,2019
Redmi,Redmi,Redmi 7,2019
Redmi,Redmi,Redmi 7A,2019
Redmi,Redmi,Redmi 8,2019
Redmi,Redmi,Redmi 8A,2019
Redmi,Redmi,Redmi Y3,2019
Redmi,Redmi,Redmi Go,2019
Redmi,Redmi,Redmi K20,2019
Redmi,Redmi,Redmi K20 Pro,2019
Redmi,Redmi,Redmi K30,2019
Redmi,Redmi,Redmi K30 5G,2019
Redmi,Redmi,Redmi Note 9,2020
Redmi,Redmi,Redmi Note 9S,2020
Redmi,Redmi,Redmi Note 9 Pro,2020
Redmi,Redmi,Redmi Note 9 Pro Max,2020
Redmi,Redmi,Redmi Note 9 4G,2020
Redmi,Redmi,Redmi 9,2020
Redmi,Redmi,Redmi 9A,2020
Redmi,Redmi,Redmi 9C,2020
Redmi,Redmi,Redmi 9i,2020
Redmi,Redmi,Redmi 9 Prime,2020
Redmi,Redmi,Redmi 9 Power,2020
Redmi,Redmi,Redmi 8A Dual,2020
Redmi,Redmi,Redmi 8A Pro,2020
Redmi,Redmi,Redmi K30 Pro,2020
Redmi,Redmi,Redmi K30i,2020
Redmi,Redmi,Redmi 10X,2020
Redmi,Redmi,Redmi Note 10,2021
Redmi,Redmi,Redmi Note 10S,2021
Redmi,Redmi,Redmi Note 10 5G,2021
Redmi,Redmi,Redmi Note 10 Pro,2021
Redmi,Redmi,Redmi Note 10 Pro Max,2021
Redmi,Redmi,Redmi Note 10T,2021
Redmi,Redmi,Redmi 9T,2021
Redmi,Redmi,Redmi 9 Activ,2021
Redmi,Redmi,Redmi 10,2021
Redmi,Redmi,Redmi 10 Prime,2021
Redmi,Redmi,Redmi K40,2021
Redmi,Redmi,Redmi K40 Pro,2021
Redmi,Redmi,Redmi K40 Pro+,2021
Redmi,Redmi,Redmi K40 Gaming,2021
Redmi,Redmi,Redmi Note 11,2022
Redmi,Redmi,Redmi Note 11S,2022
Redmi,Redmi,Redmi Note 11 Pro,2022
Redmi,Redmi,Redmi Note 11 Pro+ 5G,2022
Redmi,Redmi,Redmi Note 11S 5G,2022
Redmi,Redmi,Redmi Note 11T Pro,2022
Redmi,Redmi,Redmi Note 11E,2022
Redmi,Redmi,Redmi 10 (2022),2022
Redmi,Redmi,Redmi 10A,2022
Redmi,Redmi,Redmi 10C,2022
Redmi,Redmi,Redmi 10 Power,2022
Redmi,Redmi,Redmi A1,2022
Redmi,Redmi,Redmi A1+,2022
Redmi,Redmi,Redmi 11 Prime,2022
Redmi,Redmi,Redmi 11 Prime 5G,2022
Redmi,Redmi,Redmi K50,2022
Redmi,Redmi,Redmi K50 Pro,2022
Redmi,Redmi,Redmi K50 Gaming,2022
Redmi,Redmi,Redmi K50 Ultra,2022
Redmi,Redmi,Redmi Note 12,2023
Redmi,Redmi,Redmi Note 12 5G,2023
Redmi,Redmi,Redmi Note 12S,2023
Redmi,Redmi,Redmi Note 12 Pro,2023
Redmi,Redmi,Redmi Note 12 Pro 5G,2023
Redmi,Redmi,Redmi Note 12 Pro+ 5G,2023
Redmi,Redmi,Redmi Note 13,2023
Redmi,Redmi,Redmi Note 13 Pro,2023
Redmi,Redmi,Redmi Note 13 Pro+ 5G,2023
Redmi,Redmi,Redmi 12,2023
Redmi,Redmi,Redmi 12C,2023
Redmi,Redmi,Redmi 12 5G,2023
Redmi,Redmi,Redmi A2,2023
Redmi,Redmi,Redmi A2+,2023
Redmi,Redmi,Redmi K60,2023
Redmi,Redmi,Redmi K60 Pro,2023
Redmi,Redmi,Redmi K60E,2023
Redmi,Redmi,Redmi K60 Ultra,2023
Redmi,Redmi,Redmi Note 13 5G,2024
Redmi,Redmi,Redmi Note 13 Pro 5G,2024
Redmi,Redmi,Redmi Note 14,2024
Redmi,Redmi,Redmi Note 14 Pro,2024
Redmi,Redmi,Redmi Note 14 Pro+ 5G,2024
Redmi,Redmi,Redmi 13,2024
Redmi,Redmi,Redmi 13C,2024
Redmi,Redmi,Redmi 14C,2024
Redmi,Redmi,Redmi A3,2024
Redmi,Redmi,Redmi A3x,2024
Redmi,Redmi,Redmi A3 Pro,2024
Redmi,Redmi,Redmi Turbo 3,2024
Redmi,Redmi,Redmi K70,2024
Redmi,Redmi,Redmi K70 Pro,2024
Redmi,Redmi,Redmi K70E,2024
Redmi,Redmi,Redmi K70 Ultra,2024
Redmi,Redmi,Redmi Note 14 5G,2025
Redmi,Redmi,Redmi Note 14 Pro 5G,2025
Redmi,Redmi,Redmi Note 15,2025
Redmi,Redmi,Redmi Note 15 Pro,2025
Redmi,Redmi,Redmi Note 15 Pro+ 5G,2025
Redmi,Redmi,Redmi 15,2025
Redmi,Redmi,Redmi 15 5G,2025
Redmi,Redmi,Redmi 15C,2025
Redmi,Redmi,Redmi 14R 5G,2025
Redmi,Redmi,Redmi A5,2025
Redmi,Redmi,Redmi A5 Pro,2025
Redmi,Redmi,Redmi Turbo 4,2025
Redmi,Redmi,Redmi Turbo 4 Pro,2025
Redmi,Redmi,Redmi K80,2025
Redmi,Redmi,Redmi K80 Pro,2025
Redmi,Redmi,Redmi K80 Ultra,2025
Redmi,Redmi,Redmi Note 15 (Global),2026
Redmi,Redmi,Redmi Turbo 5,2026
Redmi,Redmi,Redmi Turbo 5 Pro,2026
Redmi,Redmi,Redmi K90,2026
Redmi,Redmi,Redmi K90 Pro,2026
Oppo,Oppo,Oppo F3,2017
Oppo,Oppo,Oppo F3 Plus,2017
Oppo,Oppo,Oppo F5,2017
Oppo,Oppo,Oppo F5 Youth,2017
Oppo,Oppo,Oppo A57,2017
Oppo,Oppo,Oppo A71,2017
Oppo,Oppo,Oppo A77,2017
Oppo,Oppo,Oppo R11,2017
Oppo,Oppo,Oppo R11 Plus,2017
Oppo,Oppo,Oppo R11s,2017
Oppo,Oppo,Oppo A83,2017
Oppo,Oppo,Oppo F7,2018
Oppo,Oppo,Oppo F9,2018
Oppo,Oppo,Oppo F9 Pro,2018
Oppo,Oppo,Oppo Find X,2018
Oppo,Oppo,Oppo A3s,2018
Oppo,Oppo,Oppo A5,2018
Oppo,Oppo,Oppo A7,2018
Oppo,Oppo,Oppo A1,2018
Oppo,Oppo,Oppo R15,2018
Oppo,Oppo,Oppo R15 Pro,2018
Oppo,Oppo,Oppo R17,2018
Oppo,Oppo,Oppo R17 Pro,2018
Oppo,Oppo,Oppo Reno,2019
Oppo,Oppo,Oppo Reno 10x Zoom,2019
Oppo,Oppo,Oppo Reno 2,2019
Oppo,Oppo,Oppo Reno 2F,2019
Oppo,Oppo,Oppo Reno 2Z,2019
Oppo,Oppo,Oppo Reno Z,2019
Oppo,Oppo,Oppo Reno Ace,2019
Oppo,Oppo,Oppo F11,2019
Oppo,Oppo,Oppo F11 Pro,2019
Oppo,Oppo,Oppo A5 (2020),2019
Oppo,Oppo,Oppo A9 (2020),2019
Oppo,Oppo,Oppo A5s,2019
Oppo,Oppo,Oppo A1k,2019
Oppo,Oppo,Oppo K1,2019
Oppo,Oppo,Oppo K3,2019
Oppo,Oppo,Oppo A11,2019
Oppo,Oppo,Oppo Find X2,2020
Oppo,Oppo,Oppo Find X2 Pro,2020
Oppo,Oppo,Oppo Find X2 Neo,2020
Oppo,Oppo,Oppo Find X2 Lite,2020
Oppo,Oppo,Oppo Reno 3,2020
Oppo,Oppo,Oppo Reno 3 Pro,2020
Oppo,Oppo,Oppo Reno 4,2020
Oppo,Oppo,Oppo Reno 4 Pro,2020
Oppo,Oppo,Oppo Reno 4 Z,2020
Oppo,Oppo,Oppo Reno 4 F,2020
Oppo,Oppo,Oppo A52,2020
Oppo,Oppo,Oppo A72,2020
Oppo,Oppo,Oppo A92,2020
Oppo,Oppo,Oppo A12,2020
Oppo,Oppo,Oppo A15,2020
Oppo,Oppo,Oppo A15s,2020
Oppo,Oppo,Oppo A31,2020
Oppo,Oppo,Oppo A32,2020
Oppo,Oppo,Oppo A33,2020
Oppo,Oppo,Oppo A53,2020
Oppo,Oppo,Oppo A53s,2020
Oppo,Oppo,Oppo A73,2020
Oppo,Oppo,Oppo A93,2020
Oppo,Oppo,Oppo F15,2020
Oppo,Oppo,Oppo F17,2020
Oppo,Oppo,Oppo F17 Pro,2020
Oppo,Oppo,Oppo Find X3,2021
Oppo,Oppo,Oppo Find X3 Pro,2021
Oppo,Oppo,Oppo Find X3 Neo,2021
Oppo,Oppo,Oppo Find X3 Lite,2021
Oppo,Oppo,Oppo Reno 5,2021
Oppo,Oppo,Oppo Reno 5 Pro,2021
Oppo,Oppo,Oppo Reno 5 Lite,2021
Oppo,Oppo,Oppo Reno 5F,2021
Oppo,Oppo,Oppo Reno 6,2021
Oppo,Oppo,Oppo Reno 6 Pro,2021
Oppo,Oppo,Oppo Reno 6 Z,2021
Oppo,Oppo,Oppo A16,2021
Oppo,Oppo,Oppo A16s,2021
Oppo,Oppo,Oppo A16k,2021
Oppo,Oppo,Oppo A54,2021
Oppo,Oppo,Oppo A54s,2021
Oppo,Oppo,Oppo A74,2021
Oppo,Oppo,Oppo A74 5G,2021
Oppo,Oppo,Oppo A94,2021
Oppo,Oppo,Oppo A95,2021
Oppo,Oppo,Oppo F19,2021
Oppo,Oppo,Oppo F19 Pro,2021
Oppo,Oppo,Oppo F19 Pro+,2021
Oppo,Oppo,Oppo K9,2021
Oppo,Oppo,Oppo Find N,2021
Oppo,Oppo,Oppo Find X5,2022
Oppo,Oppo,Oppo Find X5 Pro,2022
Oppo,Oppo,Oppo Find X5 Lite,2022
Oppo,Oppo,Oppo Reno 7,2022
Oppo,Oppo,Oppo Reno 7 Pro,2022
Oppo,Oppo,Oppo Reno 7 Z,2022
Oppo,Oppo,Oppo Reno 7 Lite,2022
Oppo,Oppo,Oppo Reno 8,2022
Oppo,Oppo,Oppo Reno 8 Pro,2022
Oppo,Oppo,Oppo Reno 8 Z,2022
Oppo,Oppo,Oppo Reno 8 Lite,2022
Oppo,Oppo,Oppo A16e,2022
Oppo,Oppo,Oppo A17,2022
Oppo,Oppo,Oppo A17k,2022
Oppo,Oppo,Oppo A36,2022
Oppo,Oppo,Oppo A57,2022
Oppo,Oppo,Oppo A57s,2022
Oppo,Oppo,Oppo A76,2022
Oppo,Oppo,Oppo A77,2022
Oppo,Oppo,Oppo A77s,2022
Oppo,Oppo,Oppo A96,2022
Oppo,Oppo,Oppo A97,2022
Oppo,Oppo,Oppo F21 Pro,2022
Oppo,Oppo,Oppo F21s Pro,2022
Oppo,Oppo,Oppo K10,2022
Oppo,Oppo,Oppo Find N2,2022
Oppo,Oppo,Oppo Find N2 Flip,2022
Oppo,Oppo,Oppo Find X6,2023
Oppo,Oppo,Oppo Find X6 Pro,2023
Oppo,Oppo,Oppo Reno 8T,2023
Oppo,Oppo,Oppo Reno 9,2023
Oppo,Oppo,Oppo Reno 10,2023
Oppo,Oppo,Oppo Reno 10 Pro,2023
Oppo,Oppo,Oppo Reno 10 Pro+,2023
Oppo,Oppo,Oppo A18,2023
Oppo,Oppo,Oppo A38,2023
Oppo,Oppo,Oppo A58,2023
Oppo,Oppo,Oppo A78,2023
Oppo,Oppo,Oppo A79,2023
Oppo,Oppo,Oppo A98,2023
Oppo,Oppo,Oppo A1x,2023
Oppo,Oppo,Oppo A2,2023
Oppo,Oppo,Oppo A2 Pro,2023
Oppo,Oppo,Oppo F23,2023
Oppo,Oppo,Oppo K11,2023
Oppo,Oppo,Oppo K11x,2023
Oppo,Oppo,Oppo Find N3,2023
Oppo,Oppo,Oppo Find N3 Flip,2023
Oppo,Oppo,Oppo Find X7,2024
Oppo,Oppo,Oppo Find X7 Ultra,2024
Oppo,Oppo,Oppo Find X8,2024
Oppo,Oppo,Oppo Find X8 Pro,2024
Oppo,Oppo,Oppo Reno 11,2024
Oppo,Oppo,Oppo Reno 11 Pro,2024
Oppo,Oppo,Oppo Reno 11 F,2024
Oppo,Oppo,Oppo Reno 12,2024
Oppo,Oppo,Oppo Reno 12 Pro,2024
Oppo,Oppo,Oppo Reno 12 F,2024
Oppo,Oppo,Oppo A3,2024
Oppo,Oppo,Oppo A3 Pro,2024
Oppo,Oppo,Oppo A3x,2024
Oppo,Oppo,Oppo A60,2024
Oppo,Oppo,Oppo A80,2024
Oppo,Oppo,Oppo K12,2024
Oppo,Oppo,Oppo K12x,2024
Oppo,Oppo,Oppo F25 Pro,2024
Oppo,Oppo,Oppo F27,2024
Oppo,Oppo,Oppo F27 Pro,2024
Oppo,Oppo,Oppo Find X8 Ultra,2025
Oppo,Oppo,Oppo Find X8s,2025
Oppo,Oppo,Oppo Find N5,2025
Oppo,Oppo,Oppo Find X9,2025
Oppo,Oppo,Oppo Find X9 Pro,2025
Oppo,Oppo,Oppo Reno 13,2025
Oppo,Oppo,Oppo Reno 13 Pro,2025
Oppo,Oppo,Oppo Reno 13 F,2025
Oppo,Oppo,Oppo Reno 14,2025
Oppo,Oppo,Oppo Reno 14 Pro,2025
Oppo,Oppo,Oppo Reno 14 F,2025
Oppo,Oppo,Oppo A5,2025
Oppo,Oppo,Oppo A5 Pro,2025
Oppo,Oppo,Oppo A5x,2025
Oppo,Oppo,Oppo A80 5G,2025
Oppo,Oppo,Oppo K13,2025
Oppo,Oppo,Oppo F29,2025
Oppo,Oppo,Oppo F29 Pro,2025
Oppo,Oppo,Oppo Reno 15,2026
Oppo,Oppo,Oppo Reno 15 Pro,2026
Oppo,Oppo,Oppo Reno 15 Pro Mini,2026
Oppo,Oppo,Oppo Reno 15 F,2026
Oppo,Oppo,Oppo Find X9 Ultra,2026
Oppo,Oppo,Oppo A6x 5G,2026
Oppo,Oppo,Oppo A6s 5G,2026
